<?xml version="1.0" encoding="UTF-8"?>
<project-private xmlns="http://www.netbeans.org/ns/project-private/1">
    <editor-bookmarks xmlns="http://www.netbeans.org/ns/editor-bookmarks/2" lastBookmarkId="0"/>
    <open-files xmlns="http://www.netbeans.org/ns/projectui-open-files/2">
        <group>
            <file>file:/C:/Users/Usuario/Documents/NetBeansProjects/Server/src/CristoPop/servidor/Protocolo.java</file>
            <file>file:/C:/Users/Usuario/Documents/NetBeansProjects/Server/src/Controlador/ControladorProducto.java</file>
            <file>file:/C:/Users/Usuario/Documents/NetBeansProjects/Server/src/CristoPop/servidor/HebraServer.java</file>
            <file>file:/C:/Users/Usuario/Documents/NetBeansProjects/Server/src/CristoPop/servidor/Conexion.java</file>
            <file>file:/C:/Users/Usuario/Documents/NetBeansProjects/Server/src/Modelo/Producto.java</file>
            <file>file:/C:/Users/Usuario/Documents/NetBeansProjects/Server/src/CristoPop/servidor/Servidor.java</file>
        </group>
    </open-files>
</project-private>
